Timestamp,AccelX,AccelY,AccelZ,GyroX,GyroY,GyroZ,QuatW,QuatX,QuatY,QuatZ,Tilt,Obliquity,Rotation
2.490612506866455,0.5,0.19,9.79,0.0,0.0,0.0,0.02,-0.01,0.8,0.6,1.1317267629098492e-14,2.3781792066007823e-13,-9.330367215625861e-15
2.4910147190093994,0.5,0.19,9.79,0.0,0.0,0.0,0.02,-0.01,0.8,0.6,1.1317267629098492e-14,2.3781792066007823e-13,-9.330367215625861e-15
2.49129056930542,0.46,0.15,9.79,0.0,0.0,0.0,0.02,-0.01,0.8,0.6,1.1317267629098492e-14,2.3781792066007823e-13,-9.330367215625861e-15
2.491534948348999,0.46,0.15,9.79,0.0,0.0,0.0,0.02,-0.01,0.8,0.6,1.1317267629098492e-14,2.3781792066007823e-13,-9.330367215625861e-15
2.491763114929199,0.46,0.15,9.79,0.0,0.0,0.0,0.02,-0.01,0.8,0.6,1.1317267629098492e-14,2.3781792066007823e-13,-9.330367215625861e-15
2.49222469329834,0.46,0.15,9.79,0.0,0.0,0.0,0.02,-0.01,0.8,0.6,1.1317267629098492e-14,2.3781792066007823e-13,-9.330367215625861e-15
2.4926249980926514,0.46,0.15,9.79,0.0,0.0,0.0,0.02,-0.01,0.8,0.6,1.1317267629098492e-14,2.3781792066007823e-13,-9.330367215625861e-15
2.4928107261657715,0.46,0.15,9.79,0.0,0.0,0.0,0.02,-0.01,0.8,0.6,1.1317267629098492e-14,2.3781792066007823e-13,-9.330367215625861e-15
2.492985725402832,0.5,0.15,9.79,0.0,0.0,0.0,0.02,-0.01,0.8,0.6,1.1317267629098492e-14,2.3781792066007823e-13,-9.330367215625861e-15
2.4931459426879883,0.5,0.15,9.79,0.0,0.0,0.0,0.02,-0.01,0.8,0.6,1.1317267629098492e-14,2.3781792066007823e-13,-9.330367215625861e-15
2.493293285369873,0.5,0.15,9.79,0.0,0.0,0.0,0.02,-0.01,0.8,0.6,1.1317267629098492e-14,2.3781792066007823e-13,-9.330367215625861e-15
2.493431806564331,0.5,0.15,9.79,0.0,0.0,0.0,0.02,-0.01,0.8,0.6,1.1317267629098492e-14,2.3781792066007823e-13,-9.330367215625861e-15
2.49357271194458,0.5,0.15,9.79,0.0,0.0,0.0,0.02,-0.01,0.8,0.6,1.1317267629098492e-14,2.3781792066007823e-13,-9.330367215625861e-15
2.493712902069092,0.5,0.15,9.79,0.0,0.0,0.0,0.02,-0.01,0.8,0.6,1.1317267629098492e-14,2.3781792066007823e-13,-9.330367215625861e-15
2.5576589107513428,0.5,0.15,9.79,0.0,0.0,0.0,0.02,-0.01,0.8,0.6,1.1317267629098492e-14,2.3781792066007823e-13,-9.330367215625861e-15
2.557997226715088,0.5,0.15,9.79,0.0,0.0,0.0,0.02,-0.01,0.8,0.6,1.1317267629098492e-14,2.3781792066007823e-13,-9.330367215625861e-15
2.5581984519958496,0.5,0.15,9.79,0.0,0.0,0.0,0.02,-0.01,0.8,0.6,1.1317267629098492e-14,2.3781792066007823e-13,-9.330367215625861e-15
2.5583722591400146,0.5,0.15,9.79,0.0,0.0,0.0,0.02,-0.01,0.8,0.6,1.1317267629098492e-14,2.3781792066007823e-13,-9.330367215625861e-15
2.5585408210754395,0.5,0.19,9.79,0.0,0.0,0.0,0.02,-0.01,0.8,0.6,1.1317267629098492e-14,2.3781792066007823e-13,-9.330367215625861e-15
2.5587096214294434,0.5,0.19,9.79,0.0,0.0,0.0,0.02,-0.01,0.8,0.6,1.1317267629098492e-14,2.3781792066007823e-13,-9.330367215625861e-15
2.5589442253112793,0.5,0.19,9.79,0.0,0.0,0.0,0.02,-0.01,0.8,0.6,1.1317267629098492e-14,2.3781792066007823e-13,-9.330367215625861e-15
2.559230089187622,0.5,0.19,9.79,0.0,0.0,0.0,0.02,-0.01,0.8,0.6,1.1317267629098492e-14,2.3781792066007823e-13,-9.330367215625861e-15
2.559445381164551,0.5,0.19,9.79,0.01,-0.0,0.01,0.02,-0.01,0.8,0.6,1.1317267629098492e-14,2.3781792066007823e-13,-9.330367215625861e-15
2.559673547744751,0.5,0.19,9.79,0.01,-0.0,0.01,0.02,-0.01,0.8,0.6,1.1317267629098492e-14,2.3781792066007823e-13,-9.330367215625861e-15
2.5598819255828857,0.5,0.11,9.91,0.01,-0.0,0.01,0.02,-0.01,0.8,0.6,1.1317267629098492e-14,2.3781792066007823e-13,-9.330367215625861e-15
2.560070276260376,0.5,0.11,9.91,0.01,-0.0,0.01,0.02,-0.01,0.8,0.6,1.1317267629098492e-14,2.3781792066007823e-13,-9.330367215625861e-15
2.560263156890869,0.5,0.11,9.91,0.0,-0.0,0.01,0.02,-0.01,0.8,0.6,1.1317267629098492e-14,2.3781792066007823e-13,-9.330367215625861e-15
2.560450315475464,0.5,0.11,9.91,0.0,-0.0,0.01,0.02,-0.01,0.8,0.6,1.1317267629098492e-14,2.3781792066007823e-13,-9.330367215625861e-15
2.6209654808044434,0.5,0.11,9.91,0.0,-0.0,-0.0,0.02,-0.01,0.8,0.6,1.1317267629098492e-14,2.3781792066007823e-13,-9.330367215625861e-15
2.62125825881958,0.5,0.11,9.91,0.0,-0.0,-0.0,0.02,-0.01,0.8,0.6,1.1317267629098492e-14,2.3781792066007823e-13,-9.330367215625861e-15
2.6214959621429443,0.5,0.19,9.83,0.0,-0.0,-0.0,0.02,-0.01,0.8,0.6,1.1317267629098492e-14,2.3781792066007823e-13,-9.330367215625861e-15
2.621711492538452,0.5,0.19,9.83,0.0,-0.0,-0.0,0.02,-0.01,0.8,0.6,1.1317267629098492e-14,2.3781792066007823e-13,-9.330367215625861e-15
2.6218864917755127,0.5,0.19,9.83,-0.0,0.0,-0.01,0.02,-0.01,0.8,0.6,1.1317267629098492e-14,2.3781792066007823e-13,-9.330367215625861e-15
2.6220591068267822,0.5,0.19,9.83,-0.0,0.0,-0.01,0.02,-0.01,0.8,0.6,1.1317267629098492e-14,2.3781792066007823e-13,-9.330367215625861e-15
2.622210741043091,0.5,0.19,9.83,-0.0,0.0,0.01,0.02,-0.01,0.8,0.6,1.1317267629098492e-14,2.3781792066007823e-13,-9.330367215625861e-15
2.6223700046539307,0.5,0.19,9.83,-0.0,0.0,0.01,0.02,-0.01,0.8,0.6,1.1317267629098492e-14,2.3781792066007823e-13,-9.330367215625861e-15
2.622528076171875,0.5,0.19,9.83,-0.0,-0.0,0.0,0.02,-0.01,0.8,0.6,1.1317267629098492e-14,2.3781792066007823e-13,-9.330367215625861e-15
2.6226699352264404,0.5,0.19,9.83,-0.0,-0.0,0.0,0.02,-0.01,0.8,0.6,1.1317267629098492e-14,2.3781792066007823e-13,-9.330367215625861e-15
2.622831106185913,0.46,0.11,9.87,-0.0,-0.0,0.0,0.02,-0.01,0.8,0.6,1.1317267629098492e-14,2.3781792066007823e-13,-9.330367215625861e-15
2.6229655742645264,0.46,0.11,9.87,-0.0,-0.0,0.0,0.02,-0.01,0.8,0.6,1.1317267629098492e-14,2.3781792066007823e-13,-9.330367215625861e-15
2.6231536865234375,0.46,0.11,9.87,-0.0,0.0,0.0,0.02,-0.01,0.8,0.6,1.1317267629098492e-14,2.3781792066007823e-13,-9.330367215625861e-15
2.6233668327331543,0.46,0.11,9.87,-0.0,0.0,0.0,0.02,-0.01,0.8,0.6,1.1317267629098492e-14,2.3781792066007823e-13,-9.330367215625861e-15
2.678799629211426,0.46,0.11,9.87,0.0,-0.0,0.01,0.02,-0.01,0.8,0.6,1.1317267629098492e-14,2.3781792066007823e-13,-9.330367215625861e-15
2.6790931224823,0.46,0.11,9.87,0.0,-0.0,0.01,0.02,-0.01,0.8,0.6,1.1317267629098492e-14,2.3781792066007823e-13,-9.330367215625861e-15
2.679321527481079,0.54,0.11,9.83,0.0,-0.0,0.01,0.02,-0.01,0.8,0.6,1.1317267629098492e-14,2.3781792066007823e-13,-9.330367215625861e-15
2.679518699645996,0.54,0.11,9.83,0.0,-0.0,0.01,0.02,-0.01,0.8,0.6,1.1317267629098492e-14,2.3781792066007823e-13,-9.330367215625861e-15
2.679731607437134,0.54,0.11,9.83,-0.0,0.01,-0.0,0.02,-0.01,0.8,0.6,1.1317267629098492e-14,2.3781792066007823e-13,-9.330367215625861e-15
2.6799018383026123,0.54,0.11,9.83,-0.0,0.01,-0.0,0.02,-0.01,0.8,0.6,1.1317267629098492e-14,2.3781792066007823e-13,-9.330367215625861e-15
2.6800546646118164,0.54,0.11,9.83,0.0,0.0,0.0,0.02,-0.01,0.8,0.6,1.1317267629098492e-14,2.3781792066007823e-13,-9.330367215625861e-15
2.6802005767822266,0.54,0.11,9.83,0.0,0.0,0.0,0.02,-0.01,0.8,0.6,1.1317267629098492e-14,2.3781792066007823e-13,-9.330367215625861e-15
2.680345296859741,0.5,0.19,9.79,0.0,0.0,0.0,0.02,-0.01,0.8,0.6,1.1317267629098492e-14,2.3781792066007823e-13,-9.330367215625861e-15
2.6805248260498047,0.5,0.19,9.79,0.0,0.0,0.0,0.02,-0.01,0.8,0.6,1.1317267629098492e-14,2.3781792066007823e-13,-9.330367215625861e-15
2.6806812286376953,0.5,0.19,9.79,0.01,-0.0,0.01,0.02,-0.01,0.8,0.6,1.1317267629098492e-14,2.3781792066007823e-13,-9.330367215625861e-15
2.680924654006958,0.5,0.19,9.79,0.01,-0.0,0.01,0.02,-0.01,0.8,0.6,1.1317267629098492e-14,2.3781792066007823e-13,-9.330367215625861e-15
2.6812076568603516,0.5,0.19,9.79,-0.0,0.0,0.0,0.02,-0.01,0.8,0.6,1.1317267629098492e-14,2.3781792066007823e-13,-9.330367215625861e-15
2.7368578910827637,0.5,0.19,9.79,-0.0,0.0,0.0,0.02,-0.01,0.8,0.6,1.1317267629098492e-14,2.3781792066007823e-13,-9.330367215625861e-15
2.737169027328491,0.46,0.19,9.79,-0.0,0.0,0.0,0.02,-0.01,0.8,0.6,1.1317267629098492e-14,2.3781792066007823e-13,-9.330367215625861e-15
2.737396240234375,0.46,0.19,9.79,-0.0,0.0,0.0,0.02,-0.01,0.8,0.6,1.1317267629098492e-14,2.3781792066007823e-13,-9.330367215625861e-15
2.7375779151916504,0.46,0.19,9.79,-0.0,-0.0,-0.0,0.02,-0.01,0.8,0.6,1.1317267629098492e-14,2.3781792066007823e-13,-9.330367215625861e-15
2.737736463546753,0.46,0.19,9.79,-0.0,-0.0,-0.0,0.02,-0.01,0.8,0.6,1.1317267629098492e-14,2.3781792066007823e-13,-9.330367215625861e-15
2.737987995147705,0.46,0.19,9.79,-0.01,0.0,-0.0,0.02,-0.01,0.8,0.6,1.1317267629098492e-14,2.3781792066007823e-13,-9.330367215625861e-15
2.738192081451416,0.46,0.19,9.79,-0.01,0.0,-0.0,0.02,-0.01,0.8,0.6,1.1317267629098492e-14,2.3781792066007823e-13,-9.330367215625861e-15
2.7384071350097656,0.46,0.19,9.79,-0.0,0.0,0.0,0.02,-0.01,0.8,0.6,1.1317267629098492e-14,2.3781792066007823e-13,-9.330367215625861e-15
2.738595724105835,0.46,0.19,9.79,-0.0,0.0,0.0,0.02,-0.01,0.8,0.6,1.1317267629098492e-14,2.3781792066007823e-13,-9.330367215625861e-15
2.738764524459839,0.46,0.19,9.79,0.0,-0.0,-0.0,0.02,-0.01,0.8,0.6,1.1317267629098492e-14,2.3781792066007823e-13,-9.330367215625861e-15
2.738935708999634,0.46,0.19,9.79,0.0,-0.0,-0.0,0.02,-0.01,0.8,0.6,1.1317267629098492e-14,2.3781792066007823e-13,-9.330367215625861e-15
2.7390904426574707,0.5,0.19,9.71,0.0,-0.0,-0.0,0.02,-0.01,0.8,0.6,1.1317267629098492e-14,2.3781792066007823e-13,-9.330367215625861e-15
2.7392828464508057,0.5,0.19,9.71,0.0,-0.0,-0.0,0.02,-0.01,0.8,0.6,1.1317267629098492e-14,2.3781792066007823e-13,-9.330367215625861e-15
2.739534854888916,0.5,0.19,9.71,-0.0,0.0,0.0,0.02,-0.01,0.8,0.6,1.1317267629098492e-14,2.3781792066007823e-13,-9.330367215625861e-15
2.7972116470336914,0.5,0.19,9.71,-0.0,0.0,0.0,0.02,-0.01,0.8,0.6,1.1317267629098492e-14,2.3781792066007823e-13,-9.330367215625861e-15
2.7975637912750244,0.5,0.19,9.71,-0.01,0.01,-0.0,0.02,-0.01,0.8,0.6,1.1317267629098492e-14,2.3781792066007823e-13,-9.330367215625861e-15
2.797776937484741,0.5,0.19,9.71,-0.01,0.01,-0.0,0.02,-0.01,0.8,0.6,1.1317267629098492e-14,2.3781792066007823e-13,-9.330367215625861e-15
2.7979683876037598,0.5,0.19,9.71,0.0,0.0,-0.0,0.02,-0.01,0.8,0.6,1.1317267629098492e-14,2.3781792066007823e-13,-9.330367215625861e-15
2.7981300354003906,0.5,0.19,9.71,0.0,0.0,-0.0,0.02,-0.01,0.8,0.6,1.1317267629098492e-14,2.3781792066007823e-13,-9.330367215625861e-15
2.7982616424560547,0.5,0.15,9.91,0.0,0.0,-0.0,0.02,-0.01,0.8,0.6,1.1317267629098492e-14,2.3781792066007823e-13,-9.330367215625861e-15
2.798438787460327,0.5,0.15,9.91,0.0,0.0,-0.0,0.02,-0.01,0.8,0.6,1.1317267629098492e-14,2.3781792066007823e-13,-9.330367215625861e-15
2.798577308654785,0.5,0.15,9.91,0.0,-0.0,0.0,0.02,-0.01,0.8,0.6,1.1317267629098492e-14,2.3781792066007823e-13,-9.330367215625861e-15
2.7986927032470703,0.5,0.15,9.91,0.0,-0.0,0.0,0.02,-0.01,0.8,0.6,1.1317267629098492e-14,2.3781792066007823e-13,-9.330367215625861e-15
2.798999547958374,0.54,0.15,9.87,0.0,-0.0,0.0,0.02,-0.01,0.8,0.6,1.1317267629098492e-14,2.3781792066007823e-13,-9.330367215625861e-15
2.799208879470825,0.54,0.15,9.87,0.0,-0.0,0.0,0.02,-0.01,0.8,0.6,1.1317267629098492e-14,2.3781792066007823e-13,-9.330367215625861e-15
2.7994818687438965,0.54,0.15,9.87,0.0,-0.0,0.0,0.02,-0.01,0.8,0.6,1.1317267629098492e-14,2.3781792066007823e-13,-9.330367215625861e-15
2.854839324951172,0.54,0.15,9.87,0.0,-0.0,0.0,0.02,-0.01,0.8,0.6,1.1317267629098492e-14,2.3781792066007823e-13,-9.330367215625861e-15
2.855166435241699,0.54,0.15,9.87,0.0,-0.01,0.0,0.02,-0.01,0.8,0.6,1.1317267629098492e-14,2.3781792066007823e-13,-9.330367215625861e-15
2.8553357124328613,0.54,0.15,9.87,0.0,-0.01,0.0,0.02,-0.01,0.8,0.6,1.1317267629098492e-14,2.3781792066007823e-13,-9.330367215625861e-15
2.8555030822753906,0.54,0.15,9.87,0.0,0.0,-0.0,0.02,-0.01,0.8,0.6,1.1317267629098492e-14,2.3781792066007823e-13,-9.330367215625861e-15
2.855672597885132,0.54,0.15,9.87,0.0,0.0,-0.0,0.02,-0.01,0.8,0.6,1.1317267629098492e-14,2.3781792066007823e-13,-9.330367215625861e-15
2.855865955352783,0.5,0.11,9.79,0.0,0.0,-0.0,0.02,-0.01,0.8,0.6,1.1317267629098492e-14,2.3781792066007823e-13,-9.330367215625861e-15
2.856011390686035,0.5,0.11,9.79,0.0,0.0,-0.0,0.02,-0.01,0.8,0.6,1.1317267629098492e-14,2.3781792066007823e-13,-9.330367215625861e-15
2.8561363220214844,0.5,0.11,9.79,0.0,-0.0,-0.0,0.02,-0.01,0.8,0.6,1.1317267629098492e-14,2.3781792066007823e-13,-9.330367215625861e-15
2.8562724590301514,0.5,0.11,9.79,0.0,-0.0,-0.0,0.02,-0.01,0.8,0.6,1.1317267629098492e-14,2.3781792066007823e-13,-9.330367215625861e-15
2.856388568878174,0.5,0.11,9.79,-0.01,0.0,-0.01,0.02,-0.01,0.8,0.6,1.1317267629098492e-14,2.3781792066007823e-13,-9.330367215625861e-15
2.9116036891937256,0.5,0.11,9.79,-0.01,0.0,-0.01,0.02,-0.01,0.8,0.6,1.1317267629098492e-14,2.3781792066007823e-13,-9.330367215625861e-15
2.9119622707366943,0.54,0.07,9.79,-0.01,0.0,-0.01,0.02,-0.01,0.8,0.6,1.1317267629098492e-14,2.3781792066007823e-13,-9.330367215625861e-15
2.9121592044830322,0.54,0.07,9.79,0.0,-0.0,-0.0,0.02,-0.01,0.8,0.6,1.1317267629098492e-14,2.3781792066007823e-13,-9.330367215625861e-15
2.9123647212982178,0.54,0.07,9.79,0.0,-0.0,-0.0,0.02,-0.01,0.8,0.6,1.1317267629098492e-14,2.3781792066007823e-13,-9.330367215625861e-15
2.912518262863159,0.54,0.07,9.79,0.0,-0.0,-0.0,0.02,-0.01,0.8,0.6,1.1317267629098492e-14,2.3781792066007823e-13,-9.330367215625861e-15
2.912670373916626,0.54,0.07,9.79,0.0,0.0,0.0,0.02,-0.01,0.8,0.6,1.1317267629098492e-14,2.3781792066007823e-13,-9.330367215625861e-15
2.9128212928771973,0.54,0.07,9.79,0.0,0.0,0.0,0.02,-0.01,0.8,0.6,1.1317267629098492e-14,2.3781792066007823e-13,-9.330367215625861e-15
2.9129624366760254,0.54,0.07,9.79,0.0,0.0,0.0,0.02,-0.01,0.8,0.6,1.1317267629098492e-14,2.3781792066007823e-13,-9.330367215625861e-15
2.913092613220215,0.54,0.07,9.79,0.0,0.0,0.0,0.02,-0.01,0.8,0.6,1.1317267629098487e-14,2.378179206600782e-13,-9.330367215625858e-15
2.913785696029663,0.46,0.15,9.83,0.0,0.0,0.0,0.02,-0.01,0.8,0.6,1.1317267629098487e-14,2.378179206600782e-13,-9.330367215625858e-15
2.9143431186676025,0.46,0.15,9.83,0.0,0.0,0.0,0.02,-0.01,0.8,0.6,1.1317267629098487e-14,2.378179206600782e-13,-9.330367215625858e-15
2.914844512939453,0.46,0.15,9.83,-0.0,0.0,-0.0,0.02,-0.01,0.8,0.6,1.1317267629098487e-14,2.378179206600782e-13,-9.330367215625858e-15
2.915290594100952,0.46,0.15,9.83,-0.0,0.0,-0.0,0.02,-0.01,0.8,0.6,1.1317267629098487e-14,2.378179206600782e-13,-9.330367215625858e-15
2.91576886177063,0.46,0.15,9.83,-0.0,-0.0,-0.0,0.02,-0.01,0.8,0.6,1.1317267629098487e-14,2.378179206600782e-13,-9.330367215625858e-15
2.9716289043426514,0.46,0.15,9.83,-0.0,-0.0,-0.0,0.02,-0.01,0.8,0.6,1.1317267629098487e-14,2.378179206600782e-13,-9.330367215625858e-15
2.972296714782715,0.46,0.15,9.83,0.0,0.0,0.0,0.02,-0.01,0.8,0.6,1.1317267629098487e-14,2.378179206600782e-13,-9.330367215625858e-15
2.9727463722229004,0.46,0.15,9.83,0.0,0.0,0.0,0.02,-0.01,0.8,0.6,1.1317267629098487e-14,2.378179206600782e-13,-9.330367215625858e-15
2.9731600284576416,0.46,0.15,9.83,0.0,0.0,-0.0,0.02,-0.01,0.8,0.6,1.1317267629098487e-14,2.378179206600782e-13,-9.330367215625858e-15
2.973555326461792,0.46,0.15,9.83,0.0,0.0,-0.0,0.02,-0.01,0.8,0.6,1.1317267629098487e-14,2.378179206600782e-13,-9.330367215625858e-15
2.9739716053009033,0.5,0.15,9.83,0.0,0.0,-0.0,0.02,-0.01,0.8,0.6,1.1317267629098487e-14,2.378179206600782e-13,-9.330367215625858e-15
2.9743621349334717,0.5,0.15,9.83,0.0,0.0,-0.0,0.02,-0.01,0.8,0.6,1.1317267629098487e-14,2.378179206600782e-13,-9.330367215625858e-15
2.974825620651245,0.5,0.15,9.83,0.0,0.0,-0.0,0.02,-0.01,0.8,0.6,1.1317267629098487e-14,2.378179206600782e-13,-9.330367215625858e-15
2.9753475189208984,0.5,0.15,9.83,0.0,0.0,-0.0,0.02,-0.01,0.8,0.6,1.1317267629098487e-14,2.378179206600782e-13,-9.330367215625858e-15
2.975778818130493,0.54,0.15,9.83,0.0,0.0,-0.0,0.02,-0.01,0.8,0.6,1.1317267629098487e-14,2.378179206600782e-13,-9.330367215625858e-15
2.976219892501831,0.54,0.15,9.83,0.0,0.0,-0.0,0.02,-0.01,0.8,0.6,1.1317267629098487e-14,2.378179206600782e-13,-9.330367215625858e-15
2.976710081100464,0.54,0.15,9.83,0.0,0.0,-0.0,0.02,-0.01,0.8,0.6,1.1317267629098487e-14,2.378179206600782e-13,-9.330367215625858e-15
3.0325701236724854,0.54,0.15,9.83,0.0,0.0,-0.0,0.02,-0.01,0.8,0.6,1.1317267629098487e-14,2.378179206600782e-13,-9.330367215625858e-15
3.03342604637146,0.54,0.15,9.83,-0.0,0.0,0.0,0.02,-0.01,0.8,0.6,1.1317267629098487e-14,2.378179206600782e-13,-9.330367215625858e-15
3.0340049266815186,0.54,0.15,9.83,-0.0,0.0,0.0,0.02,-0.01,0.8,0.6,1.1317267629098487e-14,2.378179206600782e-13,-9.330367215625858e-15
3.034558057785034,0.54,0.15,9.83,-0.0,-0.0,-0.0,0.02,-0.01,0.8,0.6,1.1317267629098487e-14,2.378179206600782e-13,-9.330367215625858e-15
3.035095453262329,0.54,0.15,9.83,-0.0,-0.0,-0.0,0.02,-0.01,0.8,0.6,1.1317267629098487e-14,2.378179206600782e-13,-9.330367215625858e-15
3.035550117492676,0.54,0.15,9.83,0.0,-0.0,0.0,0.02,-0.01,0.8,0.6,1.1317267629098487e-14,2.378179206600782e-13,-9.330367215625858e-15
3.0360312461853027,0.54,0.15,9.83,0.0,-0.0,0.0,0.02,-0.01,0.8,0.6,1.1317267629098487e-14,2.378179206600782e-13,-9.330367215625858e-15
3.0364811420440674,0.38,0.15,9.61,0.0,-0.0,0.0,0.02,-0.01,0.8,0.6,1.1317267629098487e-14,2.378179206600782e-13,-9.330367215625858e-15
3.0369207859039307,0.38,0.15,9.61,0.0,-0.0,0.0,0.02,-0.01,0.8,0.6,1.1317267629098487e-14,2.378179206600782e-13,-9.330367215625858e-15
3.037369966506958,0.38,0.15,9.61,0.0,0.0,0.0,0.02,-0.01,0.8,0.6,1.1317267629098487e-14,2.378179206600782e-13,-9.330367215625858e-15
3.0378007888793945,0.38,0.15,9.61,0.0,0.0,0.0,0.02,-0.01,0.8,0.6,1.1317267629098487e-14,2.378179206600782e-13,-9.330367215625858e-15
3.038429021835327,0.38,0.15,9.61,-0.0,0.0,-0.0,0.02,-0.01,0.8,0.6,1.1317267629098487e-14,2.378179206600782e-13,-9.330367215625858e-15
3.039083242416382,0.38,0.15,9.61,-0.0,0.0,-0.0,0.02,-0.01,0.8,0.6,1.1317267629098487e-14,2.378179206600782e-13,-9.330367215625858e-15
3.0397932529449463,0.5,0.11,9.79,-0.0,0.0,-0.0,0.02,-0.01,0.8,0.6,1.1317267629098487e-14,2.378179206600782e-13,-9.330367215625858e-15
3.0987682342529297,0.5,0.11,9.79,0.0,-0.0,-0.0,0.02,-0.01,0.8,0.6,1.1317267629098487e-14,2.378179206600782e-13,-9.330367215625858e-15
3.0995686054229736,0.5,0.11,9.79,0.0,-0.0,-0.0,0.02,-0.01,0.8,0.6,1.1317267629098487e-14,2.378179206600782e-13,-9.330367215625858e-15
3.100383996963501,0.5,0.11,9.79,0.0,-0.0,-0.0,0.02,-0.01,0.8,0.6,1.1317267629098487e-14,2.378179206600782e-13,-9.330367215625858e-15
3.1008639335632324,0.5,0.11,9.79,0.0,-0.0,0.0,0.02,-0.01,0.8,0.6,1.1317267629098487e-14,2.378179206600782e-13,-9.330367215625858e-15
3.101295232772827,0.5,0.11,9.79,0.0,-0.0,0.0,0.02,-0.01,0.8,0.6,1.1317267629098487e-14,2.378179206600782e-13,-9.330367215625858e-15
3.1017422676086426,0.5,0.19,9.83,0.0,-0.0,0.0,0.02,-0.01,0.8,0.6,1.1317267629098487e-14,2.378179206600782e-13,-9.330367215625858e-15
3.10217022895813,0.5,0.19,9.83,0.0,-0.0,-0.0,0.02,-0.01,0.8,0.6,1.1317267629098487e-14,2.378179206600782e-13,-9.330367215625858e-15
3.102656364440918,0.5,0.19,9.83,0.0,-0.0,-0.0,0.02,-0.01,0.8,0.6,1.1317267629098487e-14,2.378179206600782e-13,-9.330367215625858e-15
3.103170394897461,0.5,0.19,9.83,0.0,-0.0,-0.0,0.02,-0.01,0.8,0.6,1.1317267629098487e-14,2.378179206600782e-13,-9.330367215625858e-15
3.163684368133545,0.5,0.19,9.83,0.01,0.0,0.0,0.02,-0.01,0.8,0.6,1.1317267629098487e-14,2.378179206600782e-13,-9.330367215625858e-15
3.164355516433716,0.5,0.19,9.83,0.01,0.0,0.0,0.02,-0.01,0.8,0.6,1.1317267629098487e-14,2.378179206600782e-13,-9.330367215625858e-15
3.1649794578552246,0.5,0.19,9.83,0.01,-0.0,-0.0,0.02,-0.01,0.8,0.6,1.1317267629098487e-14,2.378179206600782e-13,-9.330367215625858e-15
3.1657605171203613,0.5,0.19,9.83,0.01,-0.0,-0.0,0.02,-0.01,0.8,0.6,1.1317267629098487e-14,2.378179206600782e-13,-9.330367215625858e-15
3.1664652824401855,0.5,0.19,9.83,-0.0,-0.0,-0.0,0.02,-0.01,0.8,0.6,1.1317267629098487e-14,2.378179206600782e-13,-9.330367215625858e-15
3.1671037673950195,0.5,0.19,9.83,-0.0,-0.0,-0.0,0.02,-0.01,0.8,0.6,1.1317267629098487e-14,2.378179206600782e-13,-9.330367215625858e-15
3.167544364929199,0.5,0.15,9.75,-0.0,-0.0,-0.0,0.02,-0.01,0.8,0.6,1.1317267629098487e-14,2.378179206600782e-13,-9.330367215625858e-15
3.1680028438568115,0.5,0.15,9.75,-0.0,-0.0,-0.0,0.02,-0.01,0.8,0.6,1.1317267629098487e-14,2.378179206600782e-13,-9.330367215625858e-15
3.1684505939483643,0.5,0.15,9.75,0.0,0.0,0.0,0.02,-0.01,0.8,0.6,1.1317267629098487e-14,2.378179206600782e-13,-9.330367215625858e-15
3.1689186096191406,0.5,0.15,9.75,0.0,0.0,0.0,0.02,-0.01,0.8,0.6,1.1317267629098487e-14,2.378179206600782e-13,-9.330367215625858e-15
3.1693308353424072,0.5,0.15,9.75,0.01,0.0,0.0,0.02,-0.01,0.8,0.6,1.1317267629098487e-14,2.378179206600782e-13,-9.330367215625858e-15
3.169776678085327,0.5,0.15,9.75,0.01,0.0,0.0,0.02,-0.01,0.8,0.6,1.1317267629098487e-14,2.378179206600782e-13,-9.330367215625858e-15
3.170274019241333,0.5,0.15,9.75,0.01,0.0,0.0,0.02,-0.01,0.8,0.6,1.1317267629098487e-14,2.378179206600782e-13,-9.330367215625858e-15
3.1707894802093506,0.5,0.15,9.75,0.01,0.0,0.0,0.02,-0.01,0.8,0.6,1.1317267629098487e-14,2.378179206600782e-13,-9.330367215625858e-15
3.1712236404418945,0.5,0.15,9.75,-0.0,0.0,-0.01,0.02,-0.01,0.8,0.6,1.1317267629098487e-14,2.378179206600782e-13,-9.330367215625858e-15
3.1716365814208984,0.5,0.15,9.75,-0.0,0.0,-0.01,0.02,-0.01,0.8,0.6,1.1317267629098487e-14,2.378179206600782e-13,-9.330367215625858e-15
3.1721019744873047,0.5,0.15,9.83,-0.0,0.0,-0.01,0.02,-0.01,0.8,0.6,1.1317267629098487e-14,2.378179206600782e-13,-9.330367215625858e-15
3.1725645065307617,0.5,0.15,9.83,-0.0,0.0,-0.01,0.02,-0.01,0.8,0.6,1.1317267629098487e-14,2.378179206600782e-13,-9.330367215625858e-15
3.1730103492736816,0.5,0.15,9.83,-0.0,-0.0,-0.0,0.02,-0.01,0.8,0.6,1.1317267629098487e-14,2.378179206600782e-13,-9.330367215625858e-15
3.2323458194732666,0.5,0.15,9.83,-0.0,-0.0,-0.0,0.02,-0.01,0.8,0.6,1.1317267629098487e-14,2.378179206600782e-13,-9.330367215625858e-15
3.2330844402313232,0.5,0.15,9.83,-0.0,-0.0,0.01,0.02,-0.01,0.8,0.6,1.1317267629098487e-14,2.378179206600782e-13,-9.330367215625858e-15
3.23380446434021,0.5,0.15,9.83,-0.0,-0.0,0.01,0.02,-0.01,0.8,0.6,1.1317267629098487e-14,2.378179206600782e-13,-9.330367215625858e-15
3.2343239784240723,0.46,0.11,9.79,-0.0,-0.0,0.01,0.02,-0.01,0.8,0.6,1.1317267629098487e-14,2.378179206600782e-13,-9.330367215625858e-15
3.234745979309082,0.46,0.11,9.79,-0.0,-0.0,0.01,0.02,-0.01,0.8,0.6,1.1317267629098487e-14,2.378179206600782e-13,-9.330367215625858e-15
3.235145092010498,0.46,0.11,9.79,0.0,-0.0,0.0,0.02,-0.01,0.8,0.6,1.1317267629098487e-14,2.378179206600782e-13,-9.330367215625858e-15
3.23555064201355,0.46,0.11,9.79,0.0,-0.0,0.0,0.02,-0.01,0.8,0.6,1.1317267629098487e-14,2.378179206600782e-13,-9.330367215625858e-15
3.2359890937805176,0.46,0.11,9.79,0.0,-0.0,-0.0,0.02,-0.01,0.8,0.6,1.1317267629098487e-14,2.378179206600782e-13,-9.330367215625858e-15
3.2365922927856445,0.46,0.11,9.79,0.0,-0.0,-0.0,0.02,-0.01,0.8,0.6,1.1317267629098487e-14,2.378179206600782e-13,-9.330367215625858e-15
3.2370522022247314,0.46,0.11,9.79,-0.0,-0.01,-0.01,0.02,-0.01,0.8,0.6,1.1317267629098487e-14,2.378179206600782e-13,-9.330367215625858e-15
3.237494468688965,0.46,0.11,9.79,-0.0,-0.01,-0.01,0.02,-0.01,0.8,0.6,1.1317267629098487e-14,2.378179206600782e-13,-9.330367215625858e-15
3.237928628921509,0.42,0.23,9.83,-0.0,-0.01,-0.01,0.02,-0.01,0.8,0.6,1.1317267629098487e-14,2.378179206600782e-13,-9.330367215625858e-15
3.2384591102600098,0.42,0.23,9.83,-0.0,-0.01,-0.01,0.02,-0.01,0.8,0.6,1.1317267629098487e-14,2.378179206600782e-13,-9.330367215625858e-15
3.238882541656494,0.42,0.23,9.83,-0.01,0.0,-0.01,0.02,-0.01,0.8,0.6,1.1317267629098487e-14,2.378179206600782e-13,-9.330367215625858e-15
3.239351749420166,0.42,0.23,9.83,-0.01,0.0,-0.01,0.02,-0.01,0.8,0.6,1.1317267629098487e-14,2.378179206600782e-13,-9.330367215625858e-15
3.239931583404541,0.42,0.23,9.83,-0.0,0.0,0.0,0.02,-0.01,0.8,0.6,1.1317267629098487e-14,2.378179206600782e-13,-9.330367215625858e-15
3.2992897033691406,0.42,0.23,9.83,-0.0,0.0,0.0,0.02,-0.01,0.8,0.6,1.1317267629098487e-14,2.378179206600782e-13,-9.330367215625858e-15
3.299973249435425,0.5,0.19,9.75,-0.0,0.0,0.0,0.02,-0.01,0.8,0.6,1.1317267629098487e-14,2.378179206600782e-13,-9.330367215625858e-15
3.300597667694092,0.5,0.19,9.75,-0.0,0.0,0.0,0.02,-0.01,0.8,0.6,1.1317267629098487e-14,2.378179206600782e-13,-9.330367215625858e-15
3.3011295795440674,0.5,0.19,9.75,-0.0,-0.0,0.0,0.02,-0.01,0.8,0.6,1.1317267629098487e-14,2.378179206600782e-13,-9.330367215625858e-15
3.3016304969787598,0.5,0.19,9.75,-0.0,-0.0,0.0,0.02,-0.01,0.8,0.6,1.1317267629098487e-14,2.378179206600782e-13,-9.330367215625858e-15
3.302133798599243,0.5,0.19,9.75,-0.0,-0.0,-0.0,0.02,-0.01,0.8,0.6,1.1317267629098487e-14,2.378179206600782e-13,-9.330367215625858e-15
3.3026742935180664,0.5,0.19,9.75,-0.0,-0.0,-0.0,0.02,-0.01,0.8,0.6,1.1317267629098487e-14,2.378179206600782e-13,-9.330367215625858e-15
3.303173065185547,0.5,0.19,9.79,-0.0,-0.0,-0.0,0.02,-0.01,0.8,0.6,1.1317267629098487e-14,2.378179206600782e-13,-9.330367215625858e-15
3.3036491870880127,0.5,0.19,9.79,-0.0,-0.0,-0.0,0.02,-0.01,0.8,0.6,1.1317267629098487e-14,2.378179206600782e-13,-9.330367215625858e-15
3.3041012287139893,0.5,0.19,9.79,-0.01,0.0,-0.0,0.02,-0.01,0.8,0.6,1.1317267629098487e-14,2.378179206600782e-13,-9.330367215625858e-15
3.304558515548706,0.5,0.19,9.79,-0.01,0.0,-0.0,0.02,-0.01,0.8,0.6,1.1317267629098487e-14,2.378179206600782e-13,-9.330367215625858e-15
3.304997205734253,0.5,0.19,9.79,0.0,0.0,-0.01,0.02,-0.01,0.8,0.6,1.1317267629098487e-14,2.378179206600782e-13,-9.330367215625858e-15
3.3054709434509277,0.5,0.19,9.79,0.0,0.0,-0.01,0.02,-0.01,0.8,0.6,1.1317267629098487e-14,2.378179206600782e-13,-9.330367215625858e-15
3.305907726287842,0.54,0.15,9.75,0.0,0.0,-0.01,0.02,-0.01,0.8,0.6,1.1317267629098487e-14,2.378179206600782e-13,-9.330367215625858e-15
3.306361675262451,0.54,0.15,9.75,0.0,0.0,-0.01,0.02,-0.01,0.8,0.6,1.1317267629098487e-14,2.378179206600782e-13,-9.330367215625858e-15
3.366956949234009,0.54,0.15,9.75,0.0,0.0,0.0,0.02,-0.01,0.8,0.6,1.1317267629098487e-14,2.378179206600782e-13,-9.330367215625858e-15
3.367586374282837,0.54,0.15,9.75,0.0,0.0,0.0,0.02,-0.01,0.8,0.6,1.1317267629098487e-14,2.378179206600782e-13,-9.330367215625858e-15
3.368109941482544,0.54,0.15,9.75,0.0,-0.0,0.01,0.02,-0.01,0.8,0.6,1.1317267629098487e-14,2.378179206600782e-13,-9.330367215625858e-15
3.368561029434204,0.54,0.15,9.75,0.0,-0.0,0.01,0.02,-0.01,0.8,0.6,1.1317267629098487e-14,2.378179206600782e-13,-9.330367215625858e-15
3.3690264225006104,0.5,0.15,9.75,0.0,-0.0,0.01,0.02,-0.01,0.8,0.6,1.1317267629098487e-14,2.378179206600782e-13,-9.330367215625858e-15
3.369521379470825,0.5,0.15,9.75,0.0,-0.0,0.01,0.02,-0.01,0.8,0.6,1.1317267629098487e-14,2.378179206600782e-13,-9.330367215625858e-15
3.369976043701172,0.5,0.15,9.75,-0.01,0.0,0.0,0.02,-0.01,0.8,0.6,1.1317267629098487e-14,2.378179206600782e-13,-9.330367215625858e-15
3.3704233169555664,0.5,0.15,9.75,-0.01,0.0,0.0,0.02,-0.01,0.8,0.6,1.1317267629098487e-14,2.378179206600782e-13,-9.330367215625858e-15
3.370964765548706,0.5,0.15,9.75,-0.0,0.0,-0.01,0.02,-0.01,0.8,0.6,1.1317267629098487e-14,2.378179206600782e-13,-9.330367215625858e-15
3.3714120388031006,0.5,0.15,9.75,-0.0,0.0,-0.01,0.02,-0.01,0.8,0.6,1.1317267629098487e-14,2.378179206600782e-13,-9.330367215625858e-15
3.3719801902770996,0.5,0.07,9.91,-0.0,0.0,-0.01,0.02,-0.01,0.8,0.6,1.1317267629098487e-14,2.378179206600782e-13,-9.330367215625858e-15
3.3724546432495117,0.5,0.07,9.91,-0.0,0.0,-0.01,0.02,-0.01,0.8,0.6,1.1317267629098487e-14,2.378179206600782e-13,-9.330367215625858e-15
3.372925043106079,0.5,0.07,9.91,-0.0,0.0,-0.01,0.02,-0.01,0.8,0.6,1.1317267629098487e-14,2.378179206600782e-13,-9.330367215625858e-15
3.373361110687256,0.5,0.07,9.91,-0.0,0.0,-0.01,0.02,-0.01,0.8,0.6,1.1317267629098487e-14,2.378179206600782e-13,-9.330367215625858e-15
3.4326627254486084,0.5,0.07,9.91,0.0,0.0,-0.0,0.02,-0.01,0.8,0.6,1.1317267629098487e-14,2.378179206600782e-13,-9.330367215625858e-15
3.433305025100708,0.5,0.07,9.91,0.0,0.0,-0.0,0.02,-0.01,0.8,0.6,1.1317267629098487e-14,2.378179206600782e-13,-9.330367215625858e-15
3.4338362216949463,0.5,0.07,9.91,0.0,-0.0,0.0,0.02,-0.01,0.8,0.6,1.1317267629098487e-14,2.378179206600782e-13,-9.330367215625858e-15
3.434284210205078,0.5,0.07,9.91,0.0,-0.0,0.0,0.02,-0.01,0.8,0.6,1.1317267629098487e-14,2.378179206600782e-13,-9.330367215625858e-15
3.4347665309906006,0.5,0.15,9.79,0.0,-0.0,0.0,0.02,-0.01,0.8,0.6,1.1317267629098487e-14,2.378179206600782e-13,-9.330367215625858e-15
3.435241937637329,0.5,0.15,9.79,0.0,-0.0,0.0,0.02,-0.01,0.8,0.6,1.1317267629098487e-14,2.378179206600782e-13,-9.330367215625858e-15
3.4356930255889893,0.5,0.15,9.79,-0.0,-0.0,-0.01,0.02,-0.01,0.8,0.6,1.1317267629098487e-14,2.378179206600782e-13,-9.330367215625858e-15
3.4361610412597656,0.5,0.15,9.79,-0.0,-0.0,-0.01,0.02,-0.01,0.8,0.6,1.1317267629098487e-14,2.378179206600782e-13,-9.330367215625858e-15
3.4366211891174316,0.5,0.15,9.79,0.0,0.0,-0.0,0.02,-0.01,0.8,0.6,1.1317267629098487e-14,2.378179206600782e-13,-9.330367215625858e-15
3.4370675086975098,0.5,0.15,9.79,0.0,0.0,-0.0,0.02,-0.01,0.8,0.6,1.1317267629098487e-14,2.378179206600782e-13,-9.330367215625858e-15
3.4376049041748047,0.5,0.15,9.87,0.0,0.0,-0.0,0.02,-0.01,0.8,0.6,1.1317267629098487e-14,2.378179206600782e-13,-9.330367215625858e-15
3.438048839569092,0.5,0.15,9.87,-0.0,0.0,-0.01,0.02,-0.01,0.8,0.6,1.1317267629098487e-14,2.378179206600782e-13,-9.330367215625858e-15
3.4385015964508057,0.5,0.15,9.87,-0.0,0.0,-0.01,0.02,-0.01,0.8,0.6,1.1317267629098487e-14,2.378179206600782e-13,-9.330367215625858e-15
3.438978433609009,0.5,0.15,9.87,-0.0,0.0,-0.01,0.02,-0.01,0.8,0.6,1.1317267629098487e-14,2.378179206600782e-13,-9.330367215625858e-15
3.4967172145843506,0.5,0.15,9.87,-0.0,0.0,0.0,0.02,-0.01,0.8,0.6,1.1317267629098487e-14,2.378179206600782e-13,-9.330367215625858e-15
3.497344493865967,0.5,0.15,9.87,-0.0,0.0,0.0,0.02,-0.01,0.8,0.6,1.1317267629098487e-14,2.378179206600782e-13,-9.330367215625858e-15
3.498213529586792,0.5,0.15,9.87,-0.0,0.0,0.0,0.02,-0.01,0.8,0.6,1.1317267629098487e-14,2.378179206600782e-13,-9.330367215625858e-15
3.499044895172119,0.5,0.15,9.87,-0.0,0.0,0.0,0.02,-0.01,0.8,0.6,1.1317267629098487e-14,2.378179206600782e-13,-9.330367215625858e-15
3.4995343685150146,0.5,0.15,9.87,0.0,-0.0,0.0,0.02,-0.01,0.8,0.6,1.1317267629098487e-14,2.378179206600782e-13,-9.330367215625858e-15
3.500183582305908,0.5,0.15,9.87,0.0,-0.0,0.0,0.02,-0.01,0.8,0.6,1.1317267629098487e-14,2.378179206600782e-13,-9.330367215625858e-15
3.500725269317627,0.5,0.15,9.87,-0.0,0.0,0.0,0.02,-0.01,0.8,0.6,1.1317267629098487e-14,2.378179206600782e-13,-9.330367215625858e-15
3.5011255741119385,0.5,0.15,9.87,-0.0,0.0,0.0,0.02,-0.01,0.8,0.6,1.1317267629098487e-14,2.378179206600782e-13,-9.330367215625858e-15
3.5015034675598145,0.5,0.15,9.87,0.0,-0.0,-0.0,0.02,-0.01,0.8,0.6,1.1317267629098487e-14,2.378179206600782e-13,-9.330367215625858e-15
3.5018723011016846,0.5,0.15,9.87,0.0,-0.0,-0.0,0.02,-0.01,0.8,0.6,1.1317267629098487e-14,2.378179206600782e-13,-9.330367215625858e-15
3.5022764205932617,0.5,0.15,9.87,0.0,-0.0,-0.0,0.02,-0.01,0.8,0.6,1.1317267629098487e-14,2.378179206600782e-13,-9.330367215625858e-15
3.5026538372039795,0.5,0.15,9.87,0.0,-0.0,-0.0,0.02,-0.01,0.8,0.6,1.1317267629098487e-14,2.378179206600782e-13,-9.330367215625858e-15
3.5030179023742676,0.5,0.15,9.87,0.0,-0.0,-0.0,0.02,-0.01,0.8,0.6,1.1317267629098487e-14,2.378179206600782e-13,-9.330367215625858e-15
3.563822031021118,0.5,0.15,9.87,0.0,-0.0,-0.0,0.02,-0.01,0.8,0.6,1.1317267629098487e-14,2.378179206600782e-13,-9.330367215625858e-15
3.56445050239563,0.5,0.15,9.87,0.0,-0.0,-0.0,0.02,-0.01,0.8,0.6,1.1317267629098487e-14,2.378179206600782e-13,-9.330367215625858e-15
3.565084934234619,0.5,0.15,9.87,0.0,-0.0,-0.0,0.02,-0.01,0.8,0.6,1.1317267629098487e-14,2.378179206600782e-13,-9.330367215625858e-15
3.56577730178833,0.5,0.15,9.79,0.0,-0.0,-0.0,0.02,-0.01,0.8,0.6,1.1317267629098487e-14,2.378179206600782e-13,-9.330367215625858e-15
3.5662753582000732,0.5,0.15,9.79,0.0,-0.0,-0.0,0.02,-0.01,0.8,0.6,1.1317267629098487e-14,2.378179206600782e-13,-9.330367215625858e-15
3.5667669773101807,0.5,0.15,9.79,0.01,0.01,0.01,0.02,-0.01,0.8,0.6,1.1317267629098487e-14,2.378179206600782e-13,-9.330367215625858e-15
3.567234516143799,0.5,0.15,9.79,0.01,0.01,0.01,0.02,-0.01,0.8,0.6,1.1317267629098487e-14,2.378179206600782e-13,-9.330367215625858e-15
3.567718029022217,0.5,0.15,9.79,0.01,-0.0,0.0,0.02,-0.01,0.8,0.6,1.1317267629098487e-14,2.378179206600782e-13,-9.330367215625858e-15
3.568150520324707,0.5,0.15,9.79,0.01,-0.0,0.0,0.02,-0.01,0.8,0.6,1.1317267629098487e-14,2.378179206600782e-13,-9.330367215625858e-15
3.5686540603637695,0.46,0.07,9.83,0.01,-0.0,0.0,0.02,-0.01,0.8,0.6,1.1317267629098487e-14,2.378179206600782e-13,-9.330367215625858e-15
3.5692062377929688,0.46,0.07,9.83,0.01,-0.0,0.0,0.02,-0.01,0.8,0.6,1.1317267629098487e-14,2.378179206600782e-13,-9.330367215625858e-15
3.5696747303009033,0.46,0.07,9.83,0.01,-0.0,0.01,0.02,-0.01,0.8,0.6,1.1317267629098487e-14,2.378179206600782e-13,-9.330367215625858e-15
3.570136070251465,0.46,0.07,9.83,0.01,-0.0,0.01,0.02,-0.01,0.8,0.6,1.1317267629098487e-14,2.378179206600782e-13,-9.330367215625858e-15
3.570648670196533,0.46,0.07,9.83,-0.0,0.0,0.0,0.02,-0.01,0.8,0.6,1.1317267629098487e-14,2.378179206600782e-13,-9.330367215625858e-15
3.5710854530334473,0.46,0.07,9.83,-0.0,0.0,0.0,0.02,-0.01,0.8,0.6,1.1317267629098487e-14,2.378179206600782e-13,-9.330367215625858e-15
3.630986213684082,0.46,0.07,9.83,-0.0,0.0,-0.0,0.02,-0.01,0.8,0.6,1.1317267629098487e-14,2.378179206600782e-13,-9.330367215625858e-15
3.631661891937256,0.46,0.07,9.83,-0.0,0.0,-0.0,0.02,-0.01,0.8,0.6,1.1317267629098487e-14,2.378179206600782e-13,-9.330367215625858e-15
3.6323435306549072,0.42,0.11,9.83,-0.0,0.0,-0.0,0.02,-0.01,0.8,0.6,1.1317267629098487e-14,2.378179206600782e-13,-9.330367215625858e-15
3.6329689025878906,0.42,0.11,9.83,-0.0,0.0,-0.0,0.02,-0.01,0.8,0.6,1.1317267629098487e-14,2.378179206600782e-13,-9.330367215625858e-15
3.6335670948028564,0.42,0.11,9.83,-0.0,0.01,-0.01,0.02,-0.01,0.8,0.6,1.1317267629098487e-14,2.378179206600782e-13,-9.330367215625858e-15
3.634082317352295,0.42,0.11,9.83,-0.0,0.01,-0.01,0.02,-0.01,0.8,0.6,1.1317267629098487e-14,2.378179206600782e-13,-9.330367215625858e-15
3.63454532623291,0.42,0.11,9.83,0.0,0.0,-0.0,0.02,-0.01,0.8,0.6,1.1317267629098487e-14,2.378179206600782e-13,-9.330367215625858e-15
3.635101318359375,0.42,0.11,9.83,0.0,0.0,-0.0,0.02,-0.01,0.8,0.6,1.1317267629098487e-14,2.378179206600782e-13,-9.330367215625858e-15
3.635708808898926,0.42,0.11,9.83,0.0,0.0,0.0,0.02,-0.01,0.8,0.6,1.1317267629098487e-14,2.378179206600782e-13,-9.330367215625858e-15
3.636399269104004,0.42,0.11,9.83,0.0,0.0,0.0,0.02,-0.01,0.8,0.6,1.1317267629098487e-14,2.378179206600782e-13,-9.330367215625858e-15
3.6370675563812256,0.5,0.15,9.83,0.0,0.0,0.0,0.02,-0.01,0.8,0.6,1.1317267629098487e-14,2.378179206600782e-13,-9.330367215625858e-15
3.6376171112060547,0.5,0.15,9.83,0.0,0.0,0.0,0.02,-0.01,0.8,0.6,1.1317267629098487e-14,2.378179206600782e-13,-9.330367215625858e-15
3.6380767822265625,0.5,0.15,9.83,0.0,0.0,0.0,0.02,-0.01,0.8,0.6,1.1317267629098487e-14,2.378179206600782e-13,-9.330367215625858e-15
3.6385152339935303,0.5,0.15,9.83,0.0,0.0,0.0,0.02,-0.01,0.8,0.6,1.1317267629098487e-14,2.378179206600782e-13,-9.330367215625858e-15
3.6973226070404053,0.5,0.15,9.83,0.0,0.0,0.0,0.02,-0.01,0.8,0.6,1.1317267629098487e-14,2.378179206600782e-13,-9.330367215625858e-15
3.6982662677764893,0.5,0.15,9.83,0.0,0.0,0.0,0.02,-0.01,0.8,0.6,1.1317267629098487e-14,2.378179206600782e-13,-9.330367215625858e-15
3.699115514755249,0.5,0.15,9.83,0.0,0.0,0.0,0.02,-0.01,0.8,0.6,1.1317267629098487e-14,2.378179206600782e-13,-9.330367215625858e-15
3.699751615524292,0.5,0.15,9.83,0.0,0.0,0.0,0.02,-0.01,0.8,0.6,1.1317267629098487e-14,2.378179206600782e-13,-9.330367215625858e-15
3.700265407562256,0.5,0.15,9.83,0.0,0.0,0.0,0.02,-0.01,0.8,0.6,1.1317267629098487e-14,2.378179206600782e-13,-9.330367215625858e-15
3.700759172439575,0.5,0.15,9.83,0.0,0.0,0.0,0.02,-0.01,0.8,0.6,1.1317267629098487e-14,2.378179206600782e-13,-9.330367215625858e-15
3.701237201690674,0.46,0.19,9.79,0.0,0.0,0.0,0.02,-0.01,0.8,0.6,1.1317267629098487e-14,2.378179206600782e-13,-9.330367215625858e-15
3.7016828060150146,0.46,0.19,9.79,0.0,0.0,0.0,0.02,-0.01,0.8,0.6,1.1317267629098487e-14,2.378179206600782e-13,-9.330367215625858e-15
3.7021427154541016,0.46,0.19,9.79,0.0,0.0,0.0,0.02,-0.01,0.8,0.6,1.1317267629098487e-14,2.378179206600782e-13,-9.330367215625858e-15
3.702653169631958,0.46,0.19,9.79,0.0,0.0,0.0,0.02,-0.01,0.8,0.6,1.1317267629098487e-14,2.378179206600782e-13,-9.330367215625858e-15
3.703070640563965,0.46,0.19,9.79,0.0,0.0,0.0,0.02,-0.01,0.8,0.6,1.1317267629098487e-14,2.378179206600782e-13,-9.330367215625858e-15
3.7034754753112793,0.46,0.19,9.79,0.0,0.0,0.0,0.02,-0.01,0.8,0.6,1.1317267629098487e-14,2.378179206600782e-13,-9.330367215625858e-15
3.703996419906616,0.46,0.19,9.79,0.0,0.0,0.0,0.02,-0.01,0.8,0.6,1.1317267629098487e-14,2.378179206600782e-13,-9.330367215625858e-15
3.704448938369751,0.46,0.19,9.79,0.0,0.0,0.0,0.02,-0.01,0.8,0.6,1.1317267629098487e-14,2.378179206600782e-13,-9.330367215625858e-15
3.763087749481201,0.5,0.15,9.79,0.0,0.0,0.0,0.02,-0.01,0.8,0.6,1.1317267629098487e-14,2.378179206600782e-13,-9.330367215625858e-15
3.7637953758239746,0.5,0.15,9.79,0.0,0.0,0.0,0.02,-0.01,0.8,0.6,1.1317267629098487e-14,2.378179206600782e-13,-9.330367215625858e-15
3.764399528503418,0.5,0.15,9.79,0.0,0.0,0.0,0.02,-0.01,0.8,0.6,1.1317267629098487e-14,2.378179206600782e-13,-9.330367215625858e-15
3.7649433612823486,0.5,0.15,9.79,0.0,0.0,0.0,0.02,-0.01,0.8,0.6,1.1317267629098487e-14,2.378179206600782e-13,-9.330367215625858e-15
3.7654826641082764,0.5,0.15,9.79,0.0,0.0,0.0,0.02,-0.01,0.8,0.6,1.1317267629098487e-14,2.378179206600782e-13,-9.330367215625858e-15
3.7660233974456787,0.5,0.15,9.79,0.0,0.0,0.0,0.02,-0.01,0.8,0.6,1.1317267629098487e-14,2.378179206600782e-13,-9.330367215625858e-15
3.7665421962738037,0.5,0.23,9.75,0.0,0.0,0.0,0.02,-0.01,0.8,0.6,1.1317267629098487e-14,2.378179206600782e-13,-9.330367215625858e-15
3.767116069793701,0.5,0.23,9.75,0.0,0.0,0.0,0.02,-0.01,0.8,0.6,1.1317267629098487e-14,2.378179206600782e-13,-9.330367215625858e-15
3.767547845840454,0.5,0.23,9.75,0.0,0.0,0.0,0.02,-0.01,0.8,0.6,1.1317267629098487e-14,2.378179206600782e-13,-9.330367215625858e-15
3.768014430999756,0.5,0.23,9.75,0.0,0.0,0.0,0.02,-0.01,0.8,0.6,1.1317267629098487e-14,2.378179206600782e-13,-9.330367215625858e-15
3.7684497833251953,0.5,0.23,9.75,0.0,0.0,0.0,0.02,-0.01,0.8,0.6,1.1317267629098487e-14,2.378179206600782e-13,-9.330367215625858e-15
3.7689449787139893,0.5,0.23,9.75,0.0,0.0,0.0,0.02,-0.01,0.8,0.6,1.1317267629098487e-14,2.378179206600782e-13,-9.330367215625858e-15
3.7693593502044678,0.5,0.23,9.75,0.0,0.0,0.0,0.02,-0.01,0.8,0.6,1.1317267629098487e-14,2.378179206600782e-13,-9.330367215625858e-15
3.7697880268096924,0.5,0.23,9.75,0.0,0.0,0.0,0.02,-0.01,0.8,0.6,1.1317267629098487e-14,2.378179206600782e-13,-9.330367215625858e-15
3.830979585647583,0.5,0.07,9.87,0.0,0.0,0.0,0.02,-0.01,0.8,0.6,1.1317267629098487e-14,2.378179206600782e-13,-9.330367215625858e-15
3.8317654132843018,0.5,0.07,9.87,0.0,0.0,0.0,0.02,-0.01,0.8,0.6,1.1317267629098487e-14,2.378179206600782e-13,-9.330367215625858e-15
3.8326058387756348,0.5,0.07,9.87,0.0,0.0,0.0,0.02,-0.01,0.8,0.6,1.1317267629098487e-14,2.378179206600782e-13,-9.330367215625858e-15
3.833268880844116,0.5,0.07,9.87,0.0,0.0,0.0,0.02,-0.01,0.8,0.6,1.1317267629098487e-14,2.378179206600782e-13,-9.330367215625858e-15
3.833855152130127,0.5,0.07,9.87,0.0,0.0,0.0,0.02,-0.01,0.8,0.6,1.1317267629098487e-14,2.378179206600782e-13,-9.330367215625858e-15
3.8343212604522705,0.5,0.07,9.87,0.0,0.0,0.0,0.02,-0.01,0.8,0.6,1.1317267629098487e-14,2.378179206600782e-13,-9.330367215625858e-15
3.834829330444336,0.5,0.07,9.87,0.0,0.0,0.0,0.02,-0.01,0.8,0.6,1.1317267629098487e-14,2.378179206600782e-13,-9.330367215625858e-15
3.835344076156616,0.5,0.07,9.87,0.0,0.0,0.0,0.02,-0.01,0.8,0.6,1.1317267629098487e-14,2.378179206600782e-13,-9.330367215625858e-15
3.8358852863311768,0.5,0.19,9.83,0.0,0.0,0.0,0.02,-0.01,0.8,0.6,1.1317267629098487e-14,2.378179206600782e-13,-9.330367215625858e-15
3.836585760116577,0.5,0.19,9.83,0.0,0.0,0.0,0.02,-0.01,0.8,0.6,1.1317267629098487e-14,2.378179206600782e-13,-9.330367215625858e-15
3.837052345275879,0.5,0.19,9.83,0.0,0.0,0.0,0.02,-0.01,0.8,0.6,1.1317267629098487e-14,2.378179206600782e-13,-9.330367215625858e-15
3.8374972343444824,0.5,0.19,9.83,0.0,0.0,0.0,0.02,-0.01,0.8,0.6,1.1317267629098487e-14,2.378179206600782e-13,-9.330367215625858e-15
3.8380517959594727,0.5,0.19,9.83,0.0,0.0,0.0,0.02,-0.01,0.8,0.6,1.1317267629098487e-14,2.378179206600782e-13,-9.330367215625858e-15
3.8385117053985596,0.5,0.19,9.83,0.0,0.0,0.0,0.02,-0.01,0.8,0.6,1.1317267629098487e-14,2.378179206600782e-13,-9.330367215625858e-15
3.8995931148529053,0.5,0.19,9.83,0.0,0.0,0.0,0.02,-0.01,0.8,0.6,1.1317267629098487e-14,2.378179206600782e-13,-9.330367215625858e-15
3.9003264904022217,0.5,0.19,9.83,0.0,0.0,0.0,0.02,-0.01,0.8,0.6,1.1317267629098487e-14,2.378179206600782e-13,-9.330367215625858e-15
3.900933027267456,0.5,0.15,9.91,0.0,0.0,0.0,0.02,-0.01,0.8,0.6,1.1317267629098487e-14,2.378179206600782e-13,-9.330367215625858e-15
3.9016430377960205,0.5,0.15,9.91,0.0,0.0,0.0,0.02,-0.01,0.8,0.6,1.1317267629098487e-14,2.378179206600782e-13,-9.330367215625858e-15
3.9023115634918213,0.5,0.15,9.91,0.0,0.0,0.0,0.02,-0.01,0.8,0.6,1.1317267629098487e-14,2.378179206600782e-13,-9.330367215625858e-15
3.9027886390686035,0.5,0.15,9.91,0.0,0.0,0.0,0.02,-0.01,0.8,0.6,1.1317267629098487e-14,2.378179206600782e-13,-9.330367215625858e-15
3.90325927734375,0.5,0.15,9.91,0.0,0.0,0.0,0.02,-0.01,0.8,0.6,1.1317267629098487e-14,2.378179206600782e-13,-9.330367215625858e-15
3.9036827087402344,0.5,0.15,9.91,0.0,0.0,0.0,0.02,-0.01,0.8,0.6,1.1317267629098487e-14,2.378179206600782e-13,-9.330367215625858e-15
3.9040987491607666,0.5,0.15,9.87,0.0,0.0,0.0,0.02,-0.01,0.8,0.6,1.1317267629098487e-14,2.378179206600782e-13,-9.330367215625858e-15
3.9045157432556152,0.5,0.15,9.87,0.0,0.0,0.0,0.02,-0.01,0.8,0.6,1.1317267629098487e-14,2.378179206600782e-13,-9.330367215625858e-15
3.904920816421509,0.5,0.15,9.87,0.0,0.0,0.0,0.02,-0.01,0.8,0.6,1.1317267629098487e-14,2.378179206600782e-13,-9.330367215625858e-15
3.9053752422332764,0.5,0.15,9.87,0.0,0.0,0.0,0.02,-0.01,0.8,0.6,1.1317267629098487e-14,2.378179206600782e-13,-9.330367215625858e-15
3.9057857990264893,0.5,0.15,9.87,0.0,0.0,0.0,0.02,-0.01,0.8,0.6,1.1317267629098487e-14,2.378179206600782e-13,-9.330367215625858e-15
3.964545965194702,0.5,0.15,9.87,0.0,0.0,0.0,0.02,-0.01,0.8,0.6,1.1317267629098487e-14,2.378179206600782e-13,-9.330367215625858e-15
3.9652483463287354,0.5,0.15,9.87,0.0,0.0,0.0,0.02,-0.01,0.8,0.6,1.1317267629098487e-14,2.378179206600782e-13,-9.330367215625858e-15
3.9658541679382324,0.5,0.15,9.87,0.0,0.0,0.0,0.02,-0.01,0.8,0.6,1.1317267629098487e-14,2.378179206600782e-13,-9.330367215625858e-15
3.96639084815979,0.54,0.07,9.87,0.0,0.0,0.0,0.02,-0.01,0.8,0.6,1.1317267629098487e-14,2.378179206600782e-13,-9.330367215625858e-15
3.966815710067749,0.54,0.07,9.87,0.0,0.0,0.0,0.02,-0.01,0.8,0.6,1.1317267629098487e-14,2.378179206600782e-13,-9.330367215625858e-15
3.9672720432281494,0.54,0.07,9.87,0.0,0.0,0.0,0.02,-0.01,0.8,0.6,1.1317267629098487e-14,2.378179206600782e-13,-9.330367215625858e-15
3.9678304195404053,0.54,0.07,9.87,0.0,0.0,0.0,0.02,-0.01,0.8,0.6,1.1317267629098487e-14,2.378179206600782e-13,-9.330367215625858e-15
3.9682559967041016,0.54,0.07,9.87,0.0,0.0,0.0,0.02,-0.01,0.8,0.6,1.1317267629098487e-14,2.378179206600782e-13,-9.330367215625858e-15
3.9687187671661377,0.54,0.07,9.87,0.0,0.0,0.0,0.02,-0.01,0.8,0.6,1.1317267629098487e-14,2.378179206600782e-13,-9.330367215625858e-15
3.9691402912139893,0.54,0.15,9.71,0.0,0.0,0.0,0.02,-0.01,0.8,0.6,1.1317267629098487e-14,2.378179206600782e-13,-9.330367215625858e-15
3.969532012939453,0.54,0.15,9.71,0.0,0.0,0.0,0.02,-0.01,0.8,0.6,1.1317267629098487e-14,2.378179206600782e-13,-9.330367215625858e-15
3.9699819087982178,0.54,0.15,9.71,0.0,0.0,0.0,0.02,-0.01,0.8,0.6,1.1317267629098487e-14,2.378179206600782e-13,-9.330367215625858e-15
3.970421075820923,0.54,0.15,9.71,0.0,0.0,0.0,0.02,-0.01,0.8,0.6,1.1317267629098487e-14,2.378179206600782e-13,-9.330367215625858e-15
3.970834970474243,0.54,0.15,9.71,0.0,0.0,0.0,0.02,-0.01,0.8,0.6,1.1317267629098487e-14,2.378179206600782e-13,-9.330367215625858e-15
4.029700994491577,0.54,0.15,9.71,0.0,0.0,0.0,0.02,-0.01,0.8,0.6,1.1317267629098487e-14,2.378179206600782e-13,-9.330367215625858e-15
4.030440330505371,0.54,0.15,9.71,0.0,0.0,0.0,0.02,-0.01,0.8,0.6,1.1317267629098487e-14,2.378179206600782e-13,-9.330367215625858e-15
4.030925512313843,0.54,0.15,9.71,0.0,0.0,0.0,0.02,-0.01,0.8,0.6,1.1317267629098487e-14,2.378179206600782e-13,-9.330367215625858e-15
4.031368017196655,0.5,0.11,9.87,0.0,0.0,0.0,0.02,-0.01,0.8,0.6,1.1317267629098487e-14,2.378179206600782e-13,-9.330367215625858e-15
4.031871557235718,0.5,0.11,9.87,0.0,0.0,0.0,0.02,-0.01,0.8,0.6,1.1317267629098487e-14,2.378179206600782e-13,-9.330367215625858e-15
4.0323097705841064,0.5,0.11,9.87,0.0,0.0,0.0,0.02,-0.01,0.8,0.6,1.1317267629098487e-14,2.378179206600782e-13,-9.330367215625858e-15
4.032826662063599,0.5,0.11,9.87,0.0,0.0,0.0,0.02,-0.01,0.8,0.6,1.1317267629098487e-14,2.378179206600782e-13,-9.330367215625858e-15
4.033276796340942,0.5,0.11,9.87,0.0,0.0,0.0,0.02,-0.01,0.8,0.6,1.1317267629098487e-14,2.378179206600782e-13,-9.330367215625858e-15
4.033712148666382,0.5,0.11,9.87,0.0,0.0,0.0,0.02,-0.01,0.8,0.6,1.1317267629098487e-14,2.378179206600782e-13,-9.330367215625858e-15
4.03416895866394,0.5,0.11,9.87,0.0,0.0,0.0,0.02,-0.01,0.8,0.6,1.1317267629098487e-14,2.378179206600782e-13,-9.330367215625858e-15
4.034618377685547,0.5,0.11,9.87,0.0,0.0,0.0,0.02,-0.01,0.8,0.6,1.1317267629098487e-14,2.378179206600782e-13,-9.330367215625858e-15
4.035155534744263,0.5,0.11,9.87,0.0,0.0,0.0,0.02,-0.01,0.8,0.6,1.1317267629098487e-14,2.378179206600782e-13,-9.330367215625858e-15
4.035676956176758,0.5,0.11,9.87,0.0,0.0,0.0,0.02,-0.01,0.8,0.6,1.1317267629098487e-14,2.378179206600782e-13,-9.330367215625858e-15
4.036121129989624,0.5,0.11,9.87,0.0,0.0,0.0,0.02,-0.01,0.8,0.6,1.1317267629098487e-14,2.378179206600782e-13,-9.330367215625858e-15
4.173410415649414,0.5,0.11,9.87,0.0,0.0,0.0,0.02,-0.01,0.8,0.6,1.1317267629098487e-14,2.378179206600782e-13,-9.330367215625858e-15
4.174492597579956,0.54,0.15,9.79,0.0,0.0,0.0,0.02,-0.01,0.8,0.6,1.1317267629098487e-14,2.378179206600782e-13,-9.330367215625858e-15
4.175464868545532,0.54,0.15,9.79,0.0,0.0,0.0,0.02,-0.01,0.8,0.6,1.1317267629098487e-14,2.378179206600782e-13,-9.330367215625858e-15
4.1763505935668945,0.54,0.15,9.79,0.0,0.0,0.0,0.02,-0.01,0.8,0.6,1.1317267629098487e-14,2.378179206600782e-13,-9.330367215625858e-15
4.177074193954468,0.54,0.15,9.79,0.0,0.0,0.0,0.02,-0.01,0.8,0.6,1.1317267629098487e-14,2.378179206600782e-13,-9.330367215625858e-15
4.178058862686157,0.54,0.15,9.79,0.0,0.0,0.0,0.02,-0.01,0.8,0.6,1.1317267629098487e-14,2.378179206600782e-13,-9.330367215625858e-15
4.1786792278289795,0.54,0.15,9.79,0.0,0.0,0.0,0.02,-0.01,0.8,0.6,1.1317267629098487e-14,2.378179206600782e-13,-9.330367215625858e-15
4.179193496704102,0.5,0.23,9.79,0.0,0.0,0.0,0.02,-0.01,0.8,0.6,1.1317267629098487e-14,2.378179206600782e-13,-9.330367215625858e-15
4.17964506149292,0.5,0.23,9.79,0.0,0.0,0.0,0.02,-0.01,0.8,0.6,1.1317267629098487e-14,2.378179206600782e-13,-9.330367215625858e-15
4.180063009262085,0.5,0.23,9.79,0.0,0.0,0.0,0.02,-0.01,0.8,0.6,1.1317267629098487e-14,2.378179206600782e-13,-9.330367215625858e-15
4.180488348007202,0.5,0.23,9.79,0.0,0.0,0.0,0.02,-0.01,0.8,0.6,1.1317267629098487e-14,2.378179206600782e-13,-9.330367215625858e-15
4.180900812149048,0.5,0.23,9.79,0.0,0.0,0.0,0.02,-0.01,0.8,0.6,1.1317267629098487e-14,2.378179206600782e-13,-9.330367215625858e-15
4.181317329406738,0.5,0.23,9.79,0.0,0.0,0.0,0.02,-0.01,0.8,0.6,1.1317267629098487e-14,2.378179206600782e-13,-9.330367215625858e-15
4.1817591190338135,0.42,0.19,9.67,0.0,0.0,0.0,0.02,-0.01,0.8,0.6,1.1317267629098487e-14,2.378179206600782e-13,-9.330367215625858e-15
4.182161808013916,0.42,0.19,9.67,0.0,0.0,0.0,0.02,-0.01,0.8,0.6,1.1317267629098487e-14,2.378179206600782e-13,-9.330367215625858e-15
4.182603120803833,0.42,0.19,9.67,0.0,0.0,0.0,0.02,-0.01,0.8,0.6,1.1317267629098487e-14,2.378179206600782e-13,-9.330367215625858e-15
4.183044195175171,0.42,0.19,9.67,0.0,0.0,0.0,0.02,-0.01,0.8,0.6,1.1317267629098487e-14,2.378179206600782e-13,-9.330367215625858e-15
4.183523178100586,0.42,0.19,9.67,0.0,0.0,0.0,0.02,-0.01,0.8,0.6,1.1317267629098487e-14,2.378179206600782e-13,-9.330367215625858e-15
4.184041976928711,0.42,0.19,9.67,0.0,0.0,0.0,0.02,-0.01,0.8,0.6,1.1317267629098487e-14,2.378179206600782e-13,-9.330367215625858e-15
4.184466600418091,0.42,0.19,9.67,0.0,0.0,0.0,0.02,-0.01,0.8,0.6,1.1317267629098487e-14,2.378179206600782e-13,-9.330367215625858e-15
4.184911012649536,0.42,0.19,9.67,0.0,0.0,0.0,0.02,-0.01,0.8,0.6,1.1317267629098487e-14,2.378179206600782e-13,-9.330367215625858e-15
4.1853346824646,0.42,0.19,9.67,0.0,0.0,0.0,0.02,-0.01,0.8,0.6,1.1317267629098487e-14,2.378179206600782e-13,-9.330367215625858e-15
4.185723781585693,0.42,0.19,9.67,0.0,0.0,0.0,0.02,-0.01,0.8,0.6,1.1317267629098487e-14,2.378179206600782e-13,-9.330367215625858e-15
4.1861608028411865,0.42,0.19,9.67,0.0,0.0,0.0,0.02,-0.01,0.8,0.6,1.1317267629098487e-14,2.378179206600782e-13,-9.330367215625858e-15
4.186579704284668,0.42,0.19,9.67,0.0,0.0,0.0,0.02,-0.01,0.8,0.6,1.1317267629098487e-14,2.378179206600782e-13,-9.330367215625858e-15
4.18696403503418,0.5,0.15,9.79,0.0,0.0,0.0,0.02,-0.01,0.8,0.6,1.1317267629098487e-14,2.378179206600782e-13,-9.330367215625858e-15
4.1873862743377686,0.5,0.15,9.79,0.0,0.0,0.0,0.02,-0.01,0.8,0.6,1.1317267629098487e-14,2.378179206600782e-13,-9.330367215625858e-15
4.187837839126587,0.5,0.15,9.79,0.0,0.0,0.0,0.02,-0.01,0.8,0.6,1.1317267629098487e-14,2.378179206600782e-13,-9.330367215625858e-15
4.188234090805054,0.5,0.15,9.79,0.0,0.0,0.0,0.02,-0.01,0.8,0.6,1.1317267629098487e-14,2.378179206600782e-13,-9.330367215625858e-15
4.188631772994995,0.5,0.15,9.79,0.0,0.0,0.0,0.02,-0.01,0.8,0.6,1.1317267629098487e-14,2.378179206600782e-13,-9.330367215625858e-15
4.189080238342285,0.5,0.15,9.79,0.0,0.0,0.0,0.02,-0.01,0.8,0.6,1.1317267629098487e-14,2.378179206600782e-13,-9.330367215625858e-15
